Fonte: Sienge REST direto da API, sem uso do banco local. Receita Bruta aproximada por /accounts-statements tipo receita; Custos Variaveis por /bills; Despesas Variaveis por /accounts-statements tipo expense. Registros: accounts-statements=122117; bills=51019.
MES;RECEITA_BRUTA;CUSTOS_VARIAVEIS;DESPESAS_VARIAVEIS;TOTAL_VARIAVEIS;MC
2019-01;R$ 12.659,04;R$ 0,00;R$ 0,00;R$ 0,00;R$ 12.659,04
2019-02;R$ 0,00;R$ 0,00;R$ 0,00;R$ 0,00;R$ 0,00
2019-03;R$ 0,00;R$ 9.502,71;R$ 0,00;R$ 9.502,71;R$ -9.502,71
2019-04;R$ 0,00;R$ 0,00;R$ 0,00;R$ 0,00;R$ 0,00
2019-05;R$ 0,00;R$ 0,00;R$ 0,00;R$ 0,00;R$ 0,00
2019-06;R$ 0,00;R$ 560,00;R$ 0,00;R$ 560,00;R$ -560,00
2019-07;R$ 0,00;R$ 0,00;R$ 0,00;R$ 0,00;R$ 0,00
2019-08;R$ 0,00;R$ 22.130,53;R$ 1.028,77;R$ 23.159,30;R$ -23.159,30
2019-09;R$ 606.269,77;R$ 129.655,56;R$ 99.081,73;R$ 228.737,29;R$ 377.532,48
2019-10;R$ 375.603,50;R$ 421.726,35;R$ 145.627,13;R$ 567.353,48;R$ -191.749,98
2019-11;R$ 695.462,78;R$ 647.255,48;R$ 328.835,67;R$ 976.091,15;R$ -280.628,37
2019-12;R$ 1.038.739,42;R$ 478.094,47;R$ 478.194,97;R$ 956.289,44;R$ 82.449,98
2020-01;R$ 395.213,13;R$ 693.382,49;R$ 234.857,07;R$ 928.239,56;R$ -533.026,43
2020-02;R$ 590.102,82;R$ 616.386,33;R$ 472.887,94;R$ 1.089.274,27;R$ -499.171,45
2020-03;R$ 1.126.886,59;R$ 902.138,80;R$ 631.070,13;R$ 1.533.208,93;R$ -406.322,34
2020-04;R$ 1.047.298,99;R$ 829.315,01;R$ 660.353,03;R$ 1.489.668,04;R$ -442.369,05
2020-05;R$ 770.685,75;R$ 816.310,09;R$ 581.991,90;R$ 1.398.301,99;R$ -627.616,24
2020-06;R$ 1.048.801,40;R$ 691.647,12;R$ 564.572,36;R$ 1.256.219,48;R$ -207.418,08
2020-07;R$ 1.209.245,40;R$ 1.256.835,59;R$ 671.782,99;R$ 1.928.618,58;R$ -719.373,18
2020-08;R$ 1.195.923,03;R$ 1.777.106,98;R$ 826.146,72;R$ 2.603.253,70;R$ -1.407.330,67
2020-09;R$ 1.957.574,59;R$ 1.596.152,62;R$ 1.437.177,65;R$ 3.033.330,27;R$ -1.075.755,68
2020-10;R$ 1.180.310,53;R$ 1.527.881,91;R$ 958.837,77;R$ 2.486.719,68;R$ -1.306.409,15
2020-11;R$ 1.081.517,78;R$ 1.930.818,55;R$ 1.004.166,18;R$ 2.934.984,73;R$ -1.853.466,95
2020-12;R$ 1.487.980,29;R$ 681.262,15;R$ 985.486,83;R$ 1.666.748,98;R$ -178.768,69
2021-01;R$ 584.786,32;R$ 1.143.602,99;R$ 585.034,71;R$ 1.728.637,70;R$ -1.143.851,38
2021-02;R$ 903.929,27;R$ 869.386,03;R$ 634.655,24;R$ 1.504.041,27;R$ -600.112,00
2021-03;R$ 468.028,83;R$ 736.835,42;R$ 567.179,64;R$ 1.304.015,06;R$ -835.986,23
2021-04;R$ 873.850,27;R$ 567.596,19;R$ 680.002,59;R$ 1.247.598,78;R$ -373.748,51
2021-05;R$ 386.517,31;R$ 567.719,58;R$ 357.774,84;R$ 925.494,42;R$ -538.977,11
2021-06;R$ 1.799.795,40;R$ 594.527,00;R$ 782.526,77;R$ 1.377.053,77;R$ 422.741,63
2021-07;R$ 1.196.542,39;R$ 1.900.683,11;R$ 807.212,41;R$ 2.707.895,52;R$ -1.511.353,13
2021-08;R$ 1.468.514,15;R$ 652.425,22;R$ 628.409,79;R$ 1.280.835,01;R$ 187.679,14
2021-09;R$ 1.385.743,02;R$ 1.201.201,39;R$ 710.238,09;R$ 1.911.439,48;R$ -525.696,46
2021-10;R$ 1.144.759,81;R$ 1.344.102,88;R$ 765.079,28;R$ 2.109.182,16;R$ -964.422,35
2021-11;R$ 1.466.004,85;R$ 1.430.406,44;R$ 1.150.174,51;R$ 2.580.580,95;R$ -1.114.576,10
2021-12;R$ 3.516.042,42;R$ 1.640.550,73;R$ 2.114.811,55;R$ 3.755.362,28;R$ -239.319,86
2022-01;R$ 903.706,43;R$ 2.552.779,66;R$ 1.347.987,31;R$ 3.900.766,97;R$ -2.997.060,54
2022-02;R$ 1.696.271,76;R$ 2.176.132,92;R$ 1.615.455,75;R$ 3.791.588,67;R$ -2.095.316,91
2022-03;R$ 2.700.743,61;R$ 2.455.158,37;R$ 2.326.418,20;R$ 4.781.576,57;R$ -2.080.832,96
2022-04;R$ 1.767.967,43;R$ 2.212.207,80;R$ 1.870.862,99;R$ 4.083.070,79;R$ -2.315.103,36
2022-05;R$ 1.241.313,17;R$ 2.331.909,80;R$ 1.462.785,98;R$ 3.794.695,78;R$ -2.553.382,61
2022-06;R$ 2.336.173,56;R$ 2.380.729,12;R$ 1.827.341,41;R$ 4.208.070,53;R$ -1.871.896,97
2022-07;R$ 1.820.460,18;R$ 2.301.748,30;R$ 2.041.766,14;R$ 4.343.514,44;R$ -2.523.054,26
2022-08;R$ 2.217.637,61;R$ 2.997.590,81;R$ 2.063.467,22;R$ 5.061.058,03;R$ -2.843.420,42
2022-09;R$ 1.794.486,66;R$ 3.132.215,70;R$ 1.663.179,32;R$ 4.795.395,02;R$ -3.000.908,36
2022-10;R$ 1.767.287,08;R$ 2.594.829,69;R$ 1.630.925,12;R$ 4.225.754,81;R$ -2.458.467,73
2022-11;R$ 2.119.991,05;R$ 2.552.287,18;R$ 1.989.105,83;R$ 4.541.393,01;R$ -2.421.401,96
2022-12;R$ 4.659.856,52;R$ 3.327.256,38;R$ 3.451.222,95;R$ 6.778.479,33;R$ -2.118.622,81
2023-01;R$ 1.165.209,25;R$ 3.494.183,91;R$ 1.732.582,67;R$ 5.226.766,58;R$ -4.061.557,33
2023-02;R$ 1.085.515,72;R$ 2.433.406,29;R$ 1.942.963,26;R$ 4.376.369,55;R$ -3.290.853,83
2023-03;R$ 4.455.222,67;R$ 3.230.233,09;R$ 3.443.648,98;R$ 6.673.882,07;R$ -2.218.659,40
2023-04;R$ 1.369.979,08;R$ 3.142.695,44;R$ 1.762.702,36;R$ 4.905.397,80;R$ -3.535.418,72
2023-05;R$ 3.608.089,32;R$ 2.680.791,86;R$ 2.603.346,51;R$ 5.284.138,37;R$ -1.676.049,05
2023-06;R$ 2.003.566,48;R$ 2.444.578,58;R$ 1.762.400,66;R$ 4.206.979,24;R$ -2.203.412,76
2023-07;R$ 2.353.563,58;R$ 2.247.614,75;R$ 2.246.962,41;R$ 4.494.577,16;R$ -2.141.013,58
2023-08;R$ 2.462.442,82;R$ 2.386.657,78;R$ 1.890.728,65;R$ 4.277.386,43;R$ -1.814.943,61
2023-09;R$ 2.315.970,44;R$ 3.114.930,53;R$ 2.010.378,42;R$ 5.125.308,95;R$ -2.809.338,51
2023-10;R$ 2.861.436,45;R$ 2.332.318,37;R$ 2.344.316,16;R$ 4.676.634,53;R$ -1.815.198,08
2023-11;R$ 1.855.931,72;R$ 2.191.960,86;R$ 1.912.308,23;R$ 4.104.269,09;R$ -2.248.337,37
2023-12;R$ 3.371.492,60;R$ 1.897.120,42;R$ 1.631.985,69;R$ 3.529.106,11;R$ -157.613,51
2024-01;R$ 658.663,56;R$ 1.238.832,28;R$ 1.066.128,12;R$ 2.304.960,40;R$ -1.646.296,84
2024-02;R$ 2.406.612,73;R$ 2.359.843,42;R$ 1.916.093,05;R$ 4.275.936,47;R$ -1.869.323,74
2024-03;R$ 2.856.225,45;R$ 2.781.096,79;R$ 2.528.132,48;R$ 5.309.229,27;R$ -2.453.003,82
2024-04;R$ 3.084.518,65;R$ 3.145.159,75;R$ 3.040.322,63;R$ 6.185.482,38;R$ -3.100.963,73
2024-05;R$ 3.025.064,26;R$ 2.504.420,46;R$ 2.417.066,15;R$ 4.921.486,61;R$ -1.896.422,35
2024-06;R$ 2.785.744,64;R$ 2.245.401,42;R$ 1.825.437,59;R$ 4.070.839,01;R$ -1.285.094,37
2024-07;R$ 4.803.645,85;R$ 2.383.906,15;R$ 2.247.370,96;R$ 4.631.277,11;R$ 172.368,74
2024-08;R$ 3.373.129,65;R$ 2.542.185,85;R$ 2.038.419,42;R$ 4.580.605,27;R$ -1.207.475,62
2024-09;R$ 2.792.310,53;R$ 2.310.159,48;R$ 1.742.088,71;R$ 4.052.248,19;R$ -1.259.937,66
2024-10;R$ 3.661.343,96;R$ 2.747.181,84;R$ 2.143.277,60;R$ 4.890.459,44;R$ -1.229.115,48
2024-11;R$ 3.906.407,65;R$ 2.848.956,84;R$ 2.722.861,77;R$ 5.571.818,61;R$ -1.665.410,96
2024-12;R$ 5.118.569,13;R$ 3.406.429,32;R$ 3.085.713,46;R$ 6.492.142,78;R$ -1.373.573,65
2025-01;R$ 1.735.197,89;R$ 4.404.614,68;R$ 1.810.962,15;R$ 6.215.576,83;R$ -4.480.378,94
2025-02;R$ 1.810.435,78;R$ 3.221.336,18;R$ 2.556.560,82;R$ 5.777.897,00;R$ -3.967.461,22
2025-03;R$ 1.457.600,87;R$ 2.991.007,19;R$ 1.905.745,89;R$ 4.896.753,08;R$ -3.439.152,21
2025-04;R$ 2.480.988,88;R$ 3.895.020,65;R$ 2.082.477,40;R$ 5.977.498,05;R$ -3.496.509,17
2025-05;R$ 1.755.334,55;R$ 3.837.667,65;R$ 2.601.233,73;R$ 6.438.901,38;R$ -4.683.566,83
2025-06;R$ 1.502.137,08;R$ 2.590.870,51;R$ 1.989.657,76;R$ 4.580.528,27;R$ -3.078.391,19
2025-07;R$ 1.876.790,15;R$ 2.192.220,52;R$ 2.320.006,74;R$ 4.512.227,26;R$ -2.635.437,11
2025-08;R$ 1.899.905,04;R$ 4.482.772,81;R$ 2.467.745,74;R$ 6.950.518,55;R$ -5.050.613,51
2025-09;R$ 2.273.517,58;R$ 2.967.006,24;R$ 2.688.324,88;R$ 5.655.331,12;R$ -3.381.813,54
2025-10;R$ 3.778.066,79;R$ 4.118.515,01;R$ 3.070.155,35;R$ 7.188.670,36;R$ -3.410.603,57
2025-11;R$ 2.319.124,75;R$ 6.691.162,86;R$ 4.137.989,70;R$ 10.829.152,56;R$ -8.510.027,81
2025-12;R$ 3.641.974,34;R$ 5.223.122,55;R$ 4.168.010,29;R$ 9.391.132,84;R$ -5.749.158,50
2026-01;R$ 1.468.154,38;R$ 9.412.279,36;R$ 3.042.803,25;R$ 12.455.082,61;R$ -10.986.928,23
2026-02;R$ 2.937.078,15;R$ 2.211.117,84;R$ 2.532.944,41;R$ 4.744.062,25;R$ -1.806.984,10
2026-03;R$ 2.893.528,29;R$ 4.394.192,14;R$ 3.511.378,75;R$ 7.905.570,89;R$ -5.012.042,60
2026-04;R$ 1.889.537,07;R$ 4.923.277,87;R$ 2.700.611,22;R$ 7.623.889,09;R$ -5.734.352,02
2026-05;R$ 4.165,74;R$ 376.307,36;R$ 227.524,57;R$ 603.831,93;R$ -599.666,19
TOTAL;R$ 159.144.877,43;R$ 188.734.602,35;R$ 139.027.085,07;R$ 327.761.687,42;R$ -168.616.809,99
