EMPRESA;ID_EMPRESA;OBRA;ID_OBRA;RECEITA;CUSTOS_DESPESAS;MC;MARGEM
DINAMICA EMPREENDIMENTOS E SOLUCOES LTDA;1;1 - UNILAB - CONSTRUÇÃO DOS BLOCOS ANEXOS DO CAMPUS DOS MALÊS;262;R$ 3.686.903,67;R$ 1.017.556,72;R$ 2.669.346,95;72,40%
DINAMICA EMPREENDIMENTOS E SOLUCOES LTDA;1;4 - REFORMA E AMPLIAÇÃO DE HOSPITAL - ASSARE;168;R$ 2.620.536,06;R$ 326.702,78;R$ 2.293.833,29;87,53%
DINAMICA EMPREENDIMENTOS E SOLUCOES LTDA;1;4 - CONSTRUÇÃO DE ESCOLA VERTICAL 12 SALAS NO BAIRRO ALTO DA BRASILIA - SOBRAL;187;R$ 2.571.696,19;R$ 214.025,92;R$ 2.357.670,27;91,68%
DINAMICA EMPREENDIMENTOS E SOLUCOES LTDA;1;1 - CONSTRUÇÃO DE ESCOLA VERTICAL 12 SALAS NO BAIRRO ALTO DA BRASILIA - SOBRAL;256;R$ 1.972.991,70;R$ 363.561,42;R$ 1.609.430,28;81,57%
DINAMICA EMPREENDIMENTOS E SOLUCOES LTDA;1;REFORMA DO HOSPITAL MUNICIPAL DR. JOÃO ELISIO DE HOLANDA;102;R$ 1.047.167,62;R$ 669.852,38;R$ 377.315,25;36,03%
DINAMICA EMPREENDIMENTOS E SOLUCOES LTDA;1;SERVIÇOS REMANESCENTES DA CRECHE TIPO 01 - PROINFÂNCIA - ASSARÉ;142;R$ 964.294,57;R$ 75.871,62;R$ 888.422,95;92,13%
DINAMICA EMPREENDIMENTOS E SOLUCOES LTDA;1;OBRAS PARCERIAS TABULEIRO - ENTRADA DA CIDADE;189;R$ 847.972,29;R$ 12.909,48;R$ 835.062,81;98,48%
DINAMICA EMPREENDIMENTOS E SOLUCOES LTDA;1;CENTRO DE EDUCAÇÃO INFANTIL - CEI IV - CASCAVEL;146;R$ 818.747,01;R$ 133.300,06;R$ 685.446,94;83,72%
DINAMICA EMPREENDIMENTOS E SOLUCOES LTDA;1;RECUPERAÇÃO DO MATADOURO PÚBLICO MUNICIPAL DE ASSARÉ;206;R$ 790.356,15;R$ 482.927,43;R$ 307.428,72;38,90%
DINAMICA EMPREENDIMENTOS E SOLUCOES LTDA;1;Sem obra identificada;0;R$ 735.641,63;R$ 773.299,17;R$ -37.657,54;-5,12%
DINAMICA EMPREENDIMENTOS E SOLUCOES LTDA;1;4 - REFORMA DA ESCOLA FREI TITO DE ALENCAR LIMA - FORTALEZA;162;R$ 677.225,28;R$ 191.628,22;R$ 485.597,06;71,70%
DINAMICA EMPREENDIMENTOS E SOLUCOES LTDA;1;1 - UNIDADE DE ALIMENTAÇÃO NUTRICIONAL DO CAMPUS ACARAÚ DO IFCE;271;R$ 630.300,55;R$ 253.375,46;R$ 376.925,09;59,80%
DINAMICA EMPREENDIMENTOS E SOLUCOES LTDA;1;2 - CONSTRUÇÃO DE 12 SALAS DE AULA COM QUADRA POLIESPORTIVA COBERTA - ASSARE;272;R$ 594.396,41;R$ 0,00;R$ 594.396,41;100,00%
DINAMICA EMPREENDIMENTOS E SOLUCOES LTDA;1;5 - CONSTRUÇÃO DE GALPÃO INDUSTRIAL - TABULEIRO DO NORTE/CE;186;R$ 586.867,16;R$ 4.373,31;R$ 582.493,85;99,25%
DINAMICA EMPREENDIMENTOS E SOLUCOES LTDA;1;REF E AMPLI ESCOLAS FRANCISCO CIPRIANO MOREIRA E LUIZA BARROSO BRAGA - PARAIPABA;203;R$ 580.932,35;R$ 1.554,57;R$ 579.377,78;99,73%
DINAMICA EMPREENDIMENTOS E SOLUCOES LTDA;1;CONSTRUÇAO DE UMA ESCOLA NO DISTRITO DE MONTE ALVERNE - CRATO;195;R$ 580.896,93;R$ 138.636,53;R$ 442.260,40;76,13%
DINAMICA EMPREENDIMENTOS E SOLUCOES LTDA;1;4 - SOP - CONSTRUÇÃO DE CEI - CANINDE;183;R$ 575.235,61;R$ 122.430,11;R$ 452.805,50;78,72%
DINAMICA EMPREENDIMENTOS E SOLUCOES LTDA;1;REF E AMP DA EDIFICAÇÃO DA ESCOLA SUPERIOR DA MAGISTRAT DO EST DO CEARA - ESMEC;184;R$ 558.957,45;R$ 126.590,99;R$ 432.366,46;77,35%
DINAMICA EMPREENDIMENTOS E SOLUCOES LTDA;1;REFORMA DE POSTO;132;R$ 557.371,20;R$ 24.699,58;R$ 532.671,62;95,57%
DINAMICA EMPREENDIMENTOS E SOLUCOES LTDA;1;CONSTRUÇÃO DE PASSAGEM MOLHADA - SÍTIO SÃO LORENZO - ASSARE;171;R$ 539.645,85;R$ 37.309,74;R$ 502.336,11;93,09%
DINAMICA EMPREENDIMENTOS E SOLUCOES LTDA;1;CONSTRUÇÃO DE GALPÃO INDUSTRIAL - SENADOR POMPEU;198;R$ 530.573,81;R$ 30.742,73;R$ 499.831,08;94,21%
DINAMICA EMPREENDIMENTOS E SOLUCOES LTDA;1;CONSTRUÇÃO DE UMA ESCOLA - 12 SALAS - VARZEA ALEGRE;274;R$ 515.672,99;R$ 53.243,97;R$ 462.429,02;89,67%
DINAMICA EMPREENDIMENTOS E SOLUCOES LTDA;1;4 - SOP - CONSTRUÇÃO DE CEI - ICAPUÍ;136;R$ 503.920,00;R$ 205.677,28;R$ 298.242,72;59,18%
DINAMICA EMPREENDIMENTOS E SOLUCOES LTDA;1;AMPLIAÇÃO DO HOSPITAL E MATERNIDADE LUZIA TEODORO DA COSTA NO MUNICÍPIO DE ORÓS;83;R$ 495.929,12;R$ 180.043,11;R$ 315.886,01;63,70%
DINAMICA EMPREENDIMENTOS E SOLUCOES LTDA;1;4 - URBANIZAÇÃO CAMPUS UNILAB;200;R$ 495.916,97;R$ 200.123,29;R$ 295.793,68;59,65%
DINAMICA EMPREENDIMENTOS E SOLUCOES LTDA;1;3 - SOP - CONSTRUÇÃO DE CEI - MARACANAÚ;135;R$ 491.113,41;R$ 111.428,49;R$ 379.684,92;77,31%
DINAMICA EMPREENDIMENTOS E SOLUCOES LTDA;1;REFORMA DE ESCRITÓRIO;127;R$ 487.974,23;R$ 96.204,40;R$ 391.769,83;80,28%
DINAMICA EMPREENDIMENTOS E SOLUCOES LTDA;1;UNIDADE NUTRICIONAL DO CAMPUS PARACURU - IFCE;281;R$ 487.535,68;R$ 306.968,39;R$ 180.567,29;37,04%
DINAMICA EMPREENDIMENTOS E SOLUCOES LTDA;1;IFCE MANUTENÇÃO PREDIAL - FORTALEZA;9;R$ 486.813,38;R$ 78.481,17;R$ 408.332,21;83,88%
DINAMICA EMPREENDIMENTOS E SOLUCOES LTDA;1;UNIDADE NUTRICIONAL DO CAMPUS TIANGUÁ - IFCE;283;R$ 471.014,13;R$ 234.181,69;R$ 236.832,44;50,28%
DINAMICA EMPREENDIMENTOS E SOLUCOES LTDA;1;1 - REFORMA E AMPLIAÇÃO DE HOSPITAL - ASSARE;270;R$ 466.222,68;R$ 6.242,88;R$ 459.979,80;98,66%
DINAMICA EMPREENDIMENTOS E SOLUCOES LTDA;1;CONSTRUÇÃO DE BLOCO DE 04 (QUATRO) SALAS DE AULA NA REITORIA - STEEL FRAME;205;R$ 418.495,95;R$ 81.712,70;R$ 336.783,25;80,47%
DINAMICA EMPREENDIMENTOS E SOLUCOES LTDA;1;1 - CONSTRUÇÃO SEDE OPERACIONAL PRF - POCINHOS/PB;269;R$ 321.715,65;R$ 410.406,08;R$ -88.690,43;-27,57%
DINAMICA EMPREENDIMENTOS E SOLUCOES LTDA;1;2 - CONSTRUÇÃO DO TIPOS ALVENARIA E/OU LIGHT STEEL FRAME - TABULEIRO DO NORTE;267;R$ 304.214,16;R$ 48.524,10;R$ 255.690,06;84,05%
DINAMICA EMPREENDIMENTOS E SOLUCOES LTDA;1;REFORMA DE ESCOLA;131;R$ 300.362,24;R$ 0,00;R$ 300.362,24;100,00%
DINAMICA EMPREENDIMENTOS E SOLUCOES LTDA;1;SERVIÇOS REMANESCENTES DA CRECHE TIPO 01 - PROINFÂNCIA - TABULEIRO DO NORTE;110;R$ 289.890,18;R$ 31.751,63;R$ 258.138,55;89,05%
DINAMICA EMPREENDIMENTOS E SOLUCOES LTDA;1;1 - REFORMA DA ESCOLA FREI TITO DE ALENCAR LIMA - FORTALEZA;260;R$ 285.202,26;R$ 3.663,24;R$ 281.539,02;98,72%
DINAMICA EMPREENDIMENTOS E SOLUCOES LTDA;1;HOSPITAL MUNICIPAL EDVAR SILVEIRA - MORRINHOS;21;R$ 281.064,91;R$ 94.907,90;R$ 186.157,01;66,23%
DINAMICA EMPREENDIMENTOS E SOLUCOES LTDA;1;REFORMA DE ESTRUTURA;134;R$ 278.919,75;R$ 97,78;R$ 278.821,97;99,96%
DINAMICA EMPREENDIMENTOS E SOLUCOES LTDA;1;CONSTRUÇÃO DE QUADRAS - TABULEIRO DO NORTE;122;R$ 269.459,70;R$ 54.484,04;R$ 214.975,66;79,78%
DINAMICA EMPREENDIMENTOS E SOLUCOES LTDA;1;1 - REFORMA ESCOLA MUNICIPAL JOSEFA BARROS DE ALENCAR - FORTALEZA;259;R$ 265.059,36;R$ 1.337,75;R$ 263.721,61;99,50%
DINAMICA EMPREENDIMENTOS E SOLUCOES LTDA;1;MANUTENÇÃO NO MUNICÍPIO DE PARACURU - CE;129;R$ 260.934,31;R$ 112.407,86;R$ 148.526,45;56,92%
DINAMICA EMPREENDIMENTOS E SOLUCOES LTDA;1;CONSTRUÇÃO DE UM ESPAÇO EDUCATIVO 12 SALAS DE AULA - JUCAS;170;R$ 247.084,84;R$ 19.903,77;R$ 227.181,07;91,94%
DINAMICA EMPREENDIMENTOS E SOLUCOES LTDA;1;CONSTRUÇÃO DE PASSAGEM MOLHADA - SÍTIO PEDRA PETRA- ASSARE;175;R$ 245.755,01;R$ 10.117,43;R$ 235.637,59;95,88%
DINAMICA EMPREENDIMENTOS E SOLUCOES LTDA;1;2 - CONSTRUÇÃO DO TIPOS ALVENARIA E/OU LIGHT STEEL FRAME - CAMPUS MORADA NOVA;266;R$ 221.067,74;R$ 24.143,31;R$ 196.924,43;89,08%
DINAMICA EMPREENDIMENTOS E SOLUCOES LTDA;1;CENTRO DE EDUCAÇÃO INFANTIL FRANCISCA DOS SANTOS BARROSO - PARACURU;150;R$ 214.584,31;R$ 63.460,40;R$ 151.123,91;70,43%
DINAMICA EMPREENDIMENTOS E SOLUCOES LTDA;1;2 - CONSTRUÇÃO DO TIPOS ALVENARIA E/OU LIGHT STEEL FRAME - CAMPUS CRATEUS;264;R$ 210.085,48;R$ 108.996,61;R$ 101.088,87;48,12%
DINAMICA EMPREENDIMENTOS E SOLUCOES LTDA;1;CONSTRUÇÃO DE PASSAGEM MOLHADA - SÍTIO MARTINS - ASSARÉ;172;R$ 206.687,82;R$ 16.817,14;R$ 189.870,68;91,86%
DINAMICA EMPREENDIMENTOS E SOLUCOES LTDA;1;UNIDADE NUTRICIONAL DO CAMPUS CAUCAIA - IFCE;280;R$ 204.582,99;R$ 267.014,63;R$ -62.431,64;-30,52%
DINAMICA EMPREENDIMENTOS E SOLUCOES LTDA;1;URBANIZAÇÃO DO AÇUDE DO JUNCO - CONSTRUÇÃO DE FONTE GRANJEIRO;144;R$ 204.115,19;R$ 103.887,46;R$ 100.227,73;49,10%
DINAMICA EMPREENDIMENTOS E SOLUCOES LTDA;1;CONSTRUÇÃO DE ESPAÇO EDUCATIVO 06 SALAS - CAMPOS SALES;143;R$ 201.307,46;R$ 14.723,51;R$ 186.583,95;92,69%
DINAMICA EMPREENDIMENTOS E SOLUCOES LTDA;1;2 - CONSTRUÇÃO TIPOS ALVENARIA E/OU LIGHT STEEL FRAME - CAMPUS CAMOCIM;263;R$ 193.245,34;R$ 88.343,64;R$ 104.901,70;54,28%
DINAMICA EMPREENDIMENTOS E SOLUCOES LTDA;1;CONSTRUÇÃO DE ESCOLA 12 SALAS - SENADOR POMPEU;148;R$ 180.882,63;R$ 75.454,72;R$ 105.427,91;58,29%
DINAMICA EMPREENDIMENTOS E SOLUCOES LTDA;1;1 - URBANIZAÇÃO CAMPUS UNILAB;261;R$ 180.361,55;R$ 2.215,94;R$ 178.145,60;98,77%
DINAMICA EMPREENDIMENTOS E SOLUCOES LTDA;1;UNIDADE NUTRICIONAL DO CAMPUS MORADA NOVA - IFCE;286;R$ 172.366,60;R$ 271.557,49;R$ -99.190,89;-57,55%
DINAMICA EMPREENDIMENTOS E SOLUCOES LTDA;1;IFCE - CAMPUS IGUATU - SUBESTAÇÃO - GRUPO 04;238;R$ 170.494,40;R$ 4.211,88;R$ 166.282,52;97,53%
DINAMICA EMPREENDIMENTOS E SOLUCOES LTDA;1;1 - SOP - CONSTRUÇÃO DE CEI - ICAPUÍ;258;R$ 168.557,68;R$ 5.484,94;R$ 163.072,74;96,75%
DINAMICA EMPREENDIMENTOS E SOLUCOES LTDA;1;URBANIZAÇÃO ENTRADA DA CIDADE - GRANJEIRO;165;R$ 165.762,64;R$ 10.579,78;R$ 155.182,86;93,62%
DINAMICA EMPREENDIMENTOS E SOLUCOES LTDA;1;4 - CONSTRUÇÃO DE CEI - BAIRRO MONDUBIM - FORTALEZA;201;R$ 148.319,25;R$ 196.219,44;R$ -47.900,19;-32,30%
DINAMICA EMPREENDIMENTOS E SOLUCOES LTDA;1;4 - REFORMA ESCOLA MUNICIPAL JOSEFA BARROS DE ALENCAR - FORTALEZA;185;R$ 148.088,44;R$ 110.456,80;R$ 37.631,64;25,41%
DINAMICA EMPREENDIMENTOS E SOLUCOES LTDA;1;UNIDADE NUTRICIONAL DO CAMPUS HORIZONTE - IFCE;282;R$ 146.512,34;R$ 408.908,86;R$ -262.396,52;-179,10%
DINAMICA EMPREENDIMENTOS E SOLUCOES LTDA;1;UNIDADE NUTRICIONAL DO CAMPUS CAMOCIM - IFCE;279;R$ 130.531,88;R$ 469.713,47;R$ -339.181,59;-259,85%
DINAMICA EMPREENDIMENTOS E SOLUCOES LTDA;1;IFCE MANUTENÇÃO PREDIAL - CANINDÉ;38;R$ 127.776,54;R$ 11.996,88;R$ 115.779,66;90,61%
DINAMICA EMPREENDIMENTOS E SOLUCOES LTDA;1;CONSTRUÇÃO DE ESPAÇO EDUCATIVO RURAL COM 06 SALAS DE AULA - SENADOR POMPEU;177;R$ 126.229,28;R$ 7.930,10;R$ 118.299,18;93,72%
DINAMICA EMPREENDIMENTOS E SOLUCOES LTDA;1;IFCE MANUTENÇÃO PREDIAL - MARACANAU;99;R$ 124.411,52;R$ 0,00;R$ 124.411,52;100,00%
DINAMICA EMPREENDIMENTOS E SOLUCOES LTDA;1;ESCOLA MUNICIPAL ALDENOR PEREIRA DOS SANTOS EMEIF - PARAIPABA;154;R$ 123.023,62;R$ 65.646,82;R$ 57.376,80;46,64%
DINAMICA EMPREENDIMENTOS E SOLUCOES LTDA;1;BANCOS (CEF, ITAU, BRADESCO E BNB);999;R$ 121.825,69;R$ 225.157,89;R$ -103.332,20;-84,82%
DINAMICA EMPREENDIMENTOS E SOLUCOES LTDA;1;IFCE - CAMPUS SOBRAL - SUBESTAÇÃO - GRUPO 02;215;R$ 110.078,29;R$ 1.361,88;R$ 108.716,41;98,76%
DINAMICA EMPREENDIMENTOS E SOLUCOES LTDA;1;IFCE - CAMPUS PECEM - SUBESTAÇÃO - GRUPO 01;234;R$ 107.740,89;R$ 1.124,56;R$ 106.616,33;98,96%
DINAMICA EMPREENDIMENTOS E SOLUCOES LTDA;1;DUPLICAÇÃO DA ENTRADA DA CIDADE - TABULEIRO DO NORTE;112;R$ 106.408,26;R$ 101.063,31;R$ 5.344,95;5,02%
DINAMICA EMPREENDIMENTOS E SOLUCOES LTDA;1;REFORMA DOS CEMITÉRIOS PÚBLICOS EM CAUCAIA - CE;111;R$ 104.627,46;R$ 12.233,82;R$ 92.393,64;88,31%
DINAMICA EMPREENDIMENTOS E SOLUCOES LTDA;1;REGULARIZAÇÃO;138;R$ 104.385,87;R$ 0,00;R$ 104.385,87;100,00%
DINAMICA EMPREENDIMENTOS E SOLUCOES LTDA;1;IFCE MANUTENÇÃO PREDIAL - IGUATU;95;R$ 102.483,77;R$ 48.701,04;R$ 53.782,73;52,48%
DINAMICA EMPREENDIMENTOS E SOLUCOES LTDA;1;IFCE MANUTENÇÃO PREDIAL - MORADA NOVA;23;R$ 99.949,78;R$ 71.205,56;R$ 28.744,22;28,76%
DINAMICA EMPREENDIMENTOS E SOLUCOES LTDA;1;PRAÇA MUNICIPAL EDWAR SILVEIRA - MORRINHOS;39;R$ 98.407,10;R$ 1.402,27;R$ 97.004,83;98,58%
DINAMICA EMPREENDIMENTOS E SOLUCOES LTDA;1;IFCE MANUTENÇÃO PREDIAL - ACARAU;96;R$ 90.906,52;R$ 36.410,62;R$ 54.495,90;59,95%
DINAMICA EMPREENDIMENTOS E SOLUCOES LTDA;1;IFCE - CAMPUS ITAPIPOCA - SUBESTAÇÃO - GRUPO 02;214;R$ 88.786,16;R$ 8.465,82;R$ 80.320,34;90,46%
DINAMICA EMPREENDIMENTOS E SOLUCOES LTDA;1;REFORMA DE FÓRUM VELHO - ADEQUAÇÃO DE GABINETE - MARACANAÚ;91;R$ 86.576,45;R$ 70.865,42;R$ 15.711,03;18,15%
DINAMICA EMPREENDIMENTOS E SOLUCOES LTDA;1;IFCE - CAMPUS TABULEIRO DO NORTE - SUBESTAÇÃO - GRUPO 03;225;R$ 84.772,09;R$ 761,88;R$ 84.010,21;99,10%
DINAMICA EMPREENDIMENTOS E SOLUCOES LTDA;1;REFORMA UBS JARDIM - PARACURU;149;R$ 83.411,81;R$ 32.531,08;R$ 50.880,73;61,00%
DINAMICA EMPREENDIMENTOS E SOLUCOES LTDA;1;REFORMA DA PRAÇA DA MATRIZ DO MUNICÍPIO DE GRANJEIRO;126;R$ 80.545,33;R$ 100.600,43;R$ -20.055,10;-24,90%
DINAMICA EMPREENDIMENTOS E SOLUCOES LTDA;1;IFCE CONSTRUÇÃO SALAS DE AULA E ESP. VIVÊNCIA - JAGUARIBE;16;R$ 80.006,28;R$ 0,00;R$ 80.006,28;100,00%
DINAMICA EMPREENDIMENTOS E SOLUCOES LTDA;1;IFCE CONSTRUÇÃO SALAS DE AULA - MORADA NOVA;1;R$ 79.227,87;R$ 0,00;R$ 79.227,87;100,00%
DINAMICA EMPREENDIMENTOS E SOLUCOES LTDA;1;IFCE MANUTENÇÃO PREDIAL - CRATEUS;92;R$ 72.752,66;R$ 8.286,10;R$ 64.466,56;88,61%
DINAMICA EMPREENDIMENTOS E SOLUCOES LTDA;1;CONSTRUÇÃO DE UNIDADE BASICA DE SAUDE - UBS INDIGENA - CRATEUS;166;R$ 72.605,40;R$ 58.329,52;R$ 14.275,88;19,66%
DINAMICA EMPREENDIMENTOS E SOLUCOES LTDA;1;IFCE MANUTENÇÃO PREDIAL - REITORIA;10;R$ 71.267,44;R$ 24.311,39;R$ 46.956,05;65,89%
DINAMICA EMPREENDIMENTOS E SOLUCOES LTDA;1;QUADRA POLIESPORTIVA COM COBERTURA E VESTIÁRIOS MODELO 02 - CAMPOS SALES;147;R$ 67.581,48;R$ 7.015,70;R$ 60.565,78;89,62%
DINAMICA EMPREENDIMENTOS E SOLUCOES LTDA;1;ESCRITÓRIO;41;R$ 67.385,40;R$ 1.356.562,05;R$ -1.289.176,65;-1913,14%
DINAMICA EMPREENDIMENTOS E SOLUCOES LTDA;1;IFCE - CAMPUS JAGUARIBE - SUBESTAÇÃO - GRUPO 03;220;R$ 67.320,77;R$ 3.501,88;R$ 63.818,89;94,80%
DINAMICA EMPREENDIMENTOS E SOLUCOES LTDA;1;ITAITINGA - PAV. PEDRA TOSCA EM RUAS GERERAÚ;35;R$ 65.613,28;R$ 44.005,55;R$ 21.607,73;32,93%
DINAMICA EMPREENDIMENTOS E SOLUCOES LTDA;1;IFCE - CAMPUS QUIXADA - SUBESTAÇÃO - GRUPO 03;224;R$ 62.411,40;R$ 14.053,66;R$ 48.357,74;77,48%
DINAMICA EMPREENDIMENTOS E SOLUCOES LTDA;1;IFCE - CAMPUS CAUCAIA - SUBESTAÇÃO - GRUPO 01;227;R$ 62.182,60;R$ 1.444,56;R$ 60.738,04;97,68%
DINAMICA EMPREENDIMENTOS E SOLUCOES LTDA;1;SUBESTAÇÃO DO HOSPITAL DR. JOÃO ELÍSIO DE HOLANDA - MARACANAÚ;139;R$ 61.337,92;R$ 0,00;R$ 61.337,92;100,00%
DINAMICA EMPREENDIMENTOS E SOLUCOES LTDA;1;IFCE MANUTENÇAO SUBESTAÇAO - CAMPUS FORTALEZA;45;R$ 58.785,49;R$ 330,56;R$ 58.454,93;99,44%
DINAMICA EMPREENDIMENTOS E SOLUCOES LTDA;1;PAVIMENTAÇÃO - CNT MORRINHOS;121;R$ 58.014,51;R$ 17.041,10;R$ 40.973,41;70,63%
DINAMICA EMPREENDIMENTOS E SOLUCOES LTDA;1;OBRAS PARCERIAS TABULEIRO - QUADRAS;190;R$ 57.616,36;R$ 6.472,11;R$ 51.144,25;88,77%
DINAMICA EMPREENDIMENTOS E SOLUCOES LTDA;1;IFCE - CAMPUS UMIRIM - SUBESTAÇÃO - GRUPO 01;236;R$ 55.930,46;R$ 1.124,56;R$ 54.805,90;97,99%
DINAMICA EMPREENDIMENTOS E SOLUCOES LTDA;1;IFCE - CAMPUS JUAZEIRO DO NORTE - SUBESTAÇÃO - GRUPO 04;242;R$ 53.877,39;R$ 761,88;R$ 53.115,51;98,59%
DINAMICA EMPREENDIMENTOS E SOLUCOES LTDA;1;IFCE - CAMPUS TIANGUÁ - SUBESTAÇÃO - GRUPO 02;217;R$ 47.642,45;R$ 761,88;R$ 46.880,57;98,40%
DINAMICA EMPREENDIMENTOS E SOLUCOES LTDA;1;SAÚDE;140;R$ 47.455,30;R$ 0,00;R$ 47.455,30;100,00%
DINAMICA EMPREENDIMENTOS E SOLUCOES LTDA;1;IFCE MANUTENÇAO SUBESTAÇAO - CAMPUS BATURITE;71;R$ 46.960,37;R$ 423,99;R$ 46.536,38;99,10%
DINAMICA EMPREENDIMENTOS E SOLUCOES LTDA;1;INSTALAÇÃO DE SISTEMA FOTOVOLTAICO - CÂMARA MUNICIPAL DE BATALHA;182;R$ 45.047,15;R$ 0,00;R$ 45.047,15;100,00%
DINAMICA EMPREENDIMENTOS E SOLUCOES LTDA;1;IFCE MANUTENÇAO SUBESTAÇAO - CAMPUS REITORIA;49;R$ 44.128,65;R$ 975,92;R$ 43.152,73;97,79%
DINAMICA EMPREENDIMENTOS E SOLUCOES LTDA;1;IFCE MANUTENÇAO SUBESTAÇAO - CAMPUS MARACANAU;46;R$ 40.355,26;R$ 33.173,64;R$ 7.181,62;17,80%
DINAMICA EMPREENDIMENTOS E SOLUCOES LTDA;1;IFCE - CAMPUS BOA VIAGEM - SUBESTAÇÃO - GRUPO 02;211;R$ 39.749,60;R$ 1.911,88;R$ 37.837,72;95,19%
DINAMICA EMPREENDIMENTOS E SOLUCOES LTDA;1;REFORMA CALÇADÃO DA ORLA - PARACURU;159;R$ 37.572,39;R$ 3.953,74;R$ 33.618,65;89,48%
DINAMICA EMPREENDIMENTOS E SOLUCOES LTDA;1;IFCE - CAMOCIM - SUBESTAÇÃO - GRUPO 02;209;R$ 36.840,07;R$ 5.211,88;R$ 31.628,19;85,85%
DINAMICA EMPREENDIMENTOS E SOLUCOES LTDA;1;IFCE - CAMPUS ARACATI - SUBESTAÇÃO - GRUPO 03;219;R$ 34.858,64;R$ 1.081,88;R$ 33.776,76;96,90%
DINAMICA EMPREENDIMENTOS E SOLUCOES LTDA;1;REFORMA E ADEQUAÇÃO DO SHOWROOM DA  LOJA CLUB COSMÉTICOS;169;R$ 31.812,22;R$ 29.170,94;R$ 2.641,28;8,30%
DINAMICA EMPREENDIMENTOS E SOLUCOES LTDA;1;UNIDADE NUTRICIONAL DO CAMPUS BATURITÉ - IFCE;287;R$ 31.383,94;R$ 142.851,19;R$ -111.467,25;-355,17%
DINAMICA EMPREENDIMENTOS E SOLUCOES LTDA;1;IFCE MANUTENÇAO SUBESTAÇAO - CAMPUS CRATEUS;62;R$ 27.955,83;R$ 233,94;R$ 27.721,89;99,16%
DINAMICA EMPREENDIMENTOS E SOLUCOES LTDA;1;IFCE - CAMPUS LIMOEIRO DO NORTE - SUBESTAÇÃO - GRUPO 03;222;R$ 25.855,47;R$ 14.971,14;R$ 10.884,33;42,10%
DINAMICA EMPREENDIMENTOS E SOLUCOES LTDA;1;IFCE - CAMPUS FORTALEZA - SUBESTAÇÃO - GRUPO 01;228;R$ 25.501,95;R$ 25.375,43;R$ 126,52;0,50%
DINAMICA EMPREENDIMENTOS E SOLUCOES LTDA;1;IFCE - CAMPUS CRATEÚS - SUBESTAÇÃO - GRUPO 02;213;R$ 23.168,13;R$ 761,88;R$ 22.406,25;96,71%
DINAMICA EMPREENDIMENTOS E SOLUCOES LTDA;1;IFCE - CAMPUS POLO DE INOVAÇÃO - SUBESTAÇÃO - GRUPO 01;235;R$ 21.236,49;R$ 3.966,85;R$ 17.269,64;81,32%
DINAMICA EMPREENDIMENTOS E SOLUCOES LTDA;1;CONSTRUÇÃO DE PASSAGEM MOLHADA - SÍTIO MAMOEIRO 02- ASSARE;176;R$ 20.842,26;R$ 5.278,66;R$ 15.563,60;74,67%
DINAMICA EMPREENDIMENTOS E SOLUCOES LTDA;1;IFCE - CAMPUS PARACURU - SUBESTAÇÃO - GRUPO 01;233;R$ 19.821,88;R$ 93.564,19;R$ -73.742,31;-372,02%
DINAMICA EMPREENDIMENTOS E SOLUCOES LTDA;1;IFCE - CAMPUS BATURITE - SUBESTAÇÃO - GRUPO 01;226;R$ 18.959,16;R$ 36.992,64;R$ -18.033,48;-95,12%
DINAMICA EMPREENDIMENTOS E SOLUCOES LTDA;1;IFCE - CAMPUS MARACANAU - SUBESTAÇÃO - GRUPO 01;231;R$ 18.027,94;R$ 1.124,56;R$ 16.903,38;93,76%
DINAMICA EMPREENDIMENTOS E SOLUCOES LTDA;1;IFCE - CAMPUS HORIZONTE - SUBESTAÇÃO - GRUPO 01;230;R$ 17.840,64;R$ 1.124,56;R$ 16.716,08;93,70%
DINAMICA EMPREENDIMENTOS E SOLUCOES LTDA;1;IFCE - CAMPUS MORADA NOVA - SUBESTAÇÃO - GRUPO 03;223;R$ 17.434,44;R$ 17.126,92;R$ 307,52;1,76%
DINAMICA EMPREENDIMENTOS E SOLUCOES LTDA;1;IFCE - CAMPUS UBAJARA - SUBESTAÇÃO - GRUPO 02;218;R$ 17.386,94;R$ 761,88;R$ 16.625,06;95,62%
DINAMICA EMPREENDIMENTOS E SOLUCOES LTDA;1;IFCE - CAMPUS MARANGUAPE - SUBESTAÇÃO - GRUPO 01;232;R$ 17.378,92;R$ 7.524,56;R$ 9.854,36;56,70%
DINAMICA EMPREENDIMENTOS E SOLUCOES LTDA;1;IFCE - CAMPUS TAUÁ - SUBESTAÇÃO - GRUPO 02;216;R$ 17.200,54;R$ 761,88;R$ 16.438,66;95,57%
DINAMICA EMPREENDIMENTOS E SOLUCOES LTDA;1;IFCE MANUTENÇAO SUBESTAÇAO - CAMPUS CAMOCIM;52;R$ 16.220,02;R$ 498,07;R$ 15.721,95;96,93%
DINAMICA EMPREENDIMENTOS E SOLUCOES LTDA;1;IFCE - CAMPUS CANINDE - SUBESTAÇÃO - GRUPO 02;212;R$ 14.707,14;R$ 921,88;R$ 13.785,26;93,73%
DINAMICA EMPREENDIMENTOS E SOLUCOES LTDA;1;TJCE - REFORMA TOTAL DO FÓRUM DA COMARCA DE AURORA - TRIBUNAL DE JUSTIÇA;152;R$ 11.839,86;R$ 54.145,55;R$ -42.305,69;-357,32%
DINAMICA EMPREENDIMENTOS E SOLUCOES LTDA;1;LICITAÇÃO;37;R$ 10.830,00;R$ 32.557,96;R$ -21.727,96;-200,63%
DINAMICA EMPREENDIMENTOS E SOLUCOES LTDA;1;IFCE - CAMPUS ACARAÚ - SUBESTAÇÃO - GRUPO 02;210;R$ 8.783,19;R$ 761,88;R$ 8.021,31;91,33%
DINAMICA EMPREENDIMENTOS E SOLUCOES LTDA;1;IFCE - CAMPUS JAGUARUANA - SUBESTAÇÃO - GRUPO 03;221;R$ 8.619,34;R$ 5.064,60;R$ 3.554,74;41,24%
DINAMICA EMPREENDIMENTOS E SOLUCOES LTDA;1;IFCE MANUTENÇÃO PREDIAL - BOA VIAGEM;22;R$ 8.361,64;R$ 6.848,44;R$ 1.513,20;18,10%
DINAMICA EMPREENDIMENTOS E SOLUCOES LTDA;1;IFCE MANUTENÇÃO PREDIAL - TIANGUA;65;R$ 8.139,15;R$ 4.760,86;R$ 3.378,29;41,51%
DINAMICA EMPREENDIMENTOS E SOLUCOES LTDA;1;IFCE MANUTENÇAO SUBESTAÇAO - CAMPUS ACOPIARA;61;R$ 6.186,52;R$ 741,98;R$ 5.444,54;88,01%
DINAMICA EMPREENDIMENTOS E SOLUCOES LTDA;1;IFCE MANUTENÇAO SUBESTAÇAO - CAMPUS TABULEIRO DO NORTE;72;R$ 6.186,51;R$ 356,03;R$ 5.830,48;94,25%
DINAMICA EMPREENDIMENTOS E SOLUCOES LTDA;1;IFCE MANUTENÇAO SUBESTAÇAO - CAMPUS ARACATI;56;R$ 6.147,41;R$ 467,88;R$ 5.679,53;92,39%
DINAMICA EMPREENDIMENTOS E SOLUCOES LTDA;1;REFORMA E AMPLIAÇÃO DA ESCOLA EDMUNDO PEREIRA BARBOSA EMEIF - PARAIPABA;151;R$ 3.445,90;R$ 77.976,25;R$ -74.530,35;-2162,87%
DINAMICA EMPREENDIMENTOS E SOLUCOES LTDA;1;IFCE MANUTENÇÃO PREDIAL - UMIRIM;63;R$ 3.040,54;R$ 29.925,99;R$ -26.885,45;-884,23%
DINAMICA EMPREENDIMENTOS E SOLUCOES LTDA;1;CONDOMINIO RESIDENCIAL EM AQUIRAZ DE 152 UNIDADES CASAS - GENESIS;248;R$ 2.832,27;R$ 290.654,42;R$ -287.822,15;-10162,23%
DINAMICA EMPREENDIMENTOS E SOLUCOES LTDA;1;GESTÃO DINAMICA;105;R$ 2.518,44;R$ 888.443,41;R$ -885.924,97;-35177,53%
DINAMICA EMPREENDIMENTOS E SOLUCOES LTDA;1;IFCE MANUTENÇÃO PREDIAL - QUIXADÁ;15;R$ 1.748,30;R$ 0,00;R$ 1.748,30;100,00%
DINAMICA EMPREENDIMENTOS E SOLUCOES LTDA;1;IFCE MANUTENÇÃO PREDIAL - TABULEIRO DO NORTE;12;R$ 1.580,99;R$ 13.932,70;R$ -12.351,71;-781,26%
DINAMICA EMPREENDIMENTOS E SOLUCOES LTDA;1;ALMOXARIFADO DINÂMICA;28;R$ 714,05;R$ 124.627,31;R$ -123.913,26;-17353,50%
DINAMICA EMPREENDIMENTOS E SOLUCOES LTDA;1;COMERCIAL / VENDAS;125;R$ 625,00;R$ 4.724,03;R$ -4.099,03;-655,84%
DINAMICA EMPREENDIMENTOS E SOLUCOES LTDA;1;4 - REFORMA E AMPLIAÇÃO DA ESCOLA MUNICIPAL DIOGO VITAL DE SIQUERA - FORTALEZA;194;R$ 578,35;R$ 98.073,01;R$ -97.494,66;-16857,39%
DINAMICA EMPREENDIMENTOS E SOLUCOES LTDA;1;1 - SOP - CONSTRUÇÃO DE CEI - CANINDE;255;R$ 437,91;R$ 45.831,08;R$ -45.393,17;-10365,87%
DINAMICA EMPREENDIMENTOS E SOLUCOES LTDA;1;LOGÍSTICA;42;R$ 253,00;R$ 0,00;R$ 253,00;100,00%
DINAMICA EMPREENDIMENTOS E SOLUCOES LTDA;1;EXPANSÃO IV DO IFCE - CAMPUS SALES - CIDADE CAMPOS SALES;244;R$ 145,20;R$ 0,00;R$ 145,20;100,00%
DINAMICA EMPREENDIMENTOS E SOLUCOES LTDA;1;2 - CONSTRUÇÃO DO TIPOS ALVENARIA E/OU LIGHT STEEL FRAME - CAMPUS UBAJARA;268;R$ 136,45;R$ 80.118,85;R$ -79.982,40;-58616,64%
DINAMICA EMPREENDIMENTOS E SOLUCOES LTDA;1;ALMOXARIFADO PROVISORIO DO GENESIS;276;R$ 84,83;R$ 116.073,80;R$ -115.988,97;-136731,07%
DINAMICA EMPREENDIMENTOS E SOLUCOES LTDA;1;2 - CONSTRUÇÃO DO TIPOS ALVENARIA E/OU LIGHT STEEL FRAME - CAMPUS MARACANAU;265;R$ 63,27;R$ 20.464,04;R$ -20.400,77;-32243,98%
DINAMICA EMPREENDIMENTOS E SOLUCOES LTDA;1;SBM1B40 - CAMINHÃO GRANDE;179;R$ 56,83;R$ 2.449,50;R$ -2.392,67;-4210,00%
DINAMICA EMPREENDIMENTOS E SOLUCOES LTDA;1;RAFAEL DE SÁ CRUZ;114;R$ 54,89;R$ 49.794,41;R$ -49.739,52;-90616,72%
DINAMICA EMPREENDIMENTOS E SOLUCOES LTDA;1;PREFEITURA MUNICIPAL DE CAMOCIM - CONCLUSAO CRECHE;70;R$ 30,00;R$ 36.179,07;R$ -36.149,07;-120496,90%
DINAMICA EMPREENDIMENTOS E SOLUCOES LTDA;1;CONSTRUÇÃO DE CENTRO COMERCIAL HARMONY - LIGHT STEEL FRAME;275;R$ 25,47;R$ 22.648,94;R$ -22.623,47;-88823,99%
DINAMICA EMPREENDIMENTOS E SOLUCOES LTDA;1;SBS3J50 - CAMINHÃO PEQUENO;178;R$ 24,36;R$ 14.012,93;R$ -13.988,57;-57431,43%
DINAMICA EMPREENDIMENTOS E SOLUCOES LTDA;1;FIAT MOB (05) - SBA7A60;180;R$ 17,36;R$ 5.291,61;R$ -5.274,25;-30381,62%
DINAMICA EMPREENDIMENTOS E SOLUCOES LTDA;1;FIAT MOB (06) - SBB0E60;181;R$ 17,36;R$ 10.142,69;R$ -10.125,33;-58325,63%
DINAMICA EMPREENDIMENTOS E SOLUCOES LTDA;1;OBRAS PARCERIAS TABULEIRO CRECHE;188;R$ 16,19;R$ 11.366,76;R$ -11.350,57;-70124,92%
DINAMICA EMPREENDIMENTOS E SOLUCOES LTDA;1;ESCRITÓRIO NOVO;36;R$ 8,58;R$ 93.413,67;R$ -93.405,09;-1088637,41%
DINAMICA EMPREENDIMENTOS E SOLUCOES LTDA;1;PREFEITURA MUNICIPAL DE CAUCAIA - CRECHES;26;R$ 4,49;R$ 194.906,45;R$ -194.901,96;-4340800,99%
DINAMICA EMPREENDIMENTOS E SOLUCOES LTDA;1;1 - CONSTRUÇÃO DE CEI - BAIRRO MONDUBIM - FORTALEZA;257;R$ 2,94;R$ 9.036,33;R$ -9.033,39;-307258,28%
DINAMICA EMPREENDIMENTOS E SOLUCOES LTDA;1;VT 04 SAVEIRO GGA4519;77;R$ 0,84;R$ 13.140,60;R$ -13.139,76;-1558124,76%
DINAMICA EMPREENDIMENTOS E SOLUCOES LTDA;1;VT 05 - SAVEIRO FWX1895;78;R$ 0,84;R$ 8.847,24;R$ -8.846,40;-1049014,07%
DINAMICA EMPREENDIMENTOS E SOLUCOES LTDA;1;QUADRA POLIESPORTIVA HENRIQUE DOMINGOS BRAGA SANDERS - PARACURU;160;R$ 0,81;R$ 6.930,61;R$ -6.929,80;-855531,05%
DINAMICA EMPREENDIMENTOS E SOLUCOES LTDA;1;VT 02 - MONTANA POP-3760;75;R$ 0,75;R$ 4.605,69;R$ -4.604,94;-611230,12%
DINAMICA EMPREENDIMENTOS E SOLUCOES LTDA;1;OBRA PARCERIA - IFCE;124;R$ 0,27;R$ 8.148,99;R$ -8.148,72;-3018044,44%
DINAMICA EMPREENDIMENTOS E SOLUCOES LTDA;1;CONSTRUÇÃO DE PASSAGEM MOLHADA - SÍTIO MAMOEIRO 01 - ASSARÉ;173;R$ 0,20;R$ 7.004,69;R$ -7.004,49;-3502247,19%
DINAMICA EMPREENDIMENTOS E SOLUCOES LTDA;1;1 - REFORMA E AMPLIAÇÃO DA ESCOLA MUNICIPAL DIOGO VITAL DE SIQUERA - FORTALEZA;254;R$ 0,00;R$ 2.953,80;R$ -2.953,80;0,00%
DINAMICA EMPREENDIMENTOS E SOLUCOES LTDA;1;ALMOXARIFADO ANEXO;103;R$ 0,00;R$ 135,00;R$ -135,00;0,00%
DINAMICA EMPREENDIMENTOS E SOLUCOES LTDA;1;ALMOXARIFADO DINÂMICA - READEQUADO;288;R$ 0,00;R$ 62.194,90;R$ -62.194,90;0,00%
DINAMICA EMPREENDIMENTOS E SOLUCOES LTDA;1;CAMPUS MAURITI PERTENCE A EXPANSÃO IV DO IFCE;294;R$ 0,00;R$ 0,00;R$ 0,00;0,00%
DINAMICA EMPREENDIMENTOS E SOLUCOES LTDA;1;CENTRO DE GESTÃO INTEGRADA - CGI MUNICIPIO DE TAUA;196;R$ 0,00;R$ 174.985,15;R$ -174.985,15;0,00%
DINAMICA EMPREENDIMENTOS E SOLUCOES LTDA;1;COMPLEXO ESCOLAR SETOR C1 EMEIF - PARAIPABA;155;R$ 0,00;R$ 72.611,03;R$ -72.611,03;0,00%
DINAMICA EMPREENDIMENTOS E SOLUCOES LTDA;1;CONSTRUÇÃO DA ESTRUTURA DOS 12 LEITOS DE UTI - COVID19 - CAUCAIA;101;R$ 0,00;R$ 1.738,24;R$ -1.738,24;0,00%
DINAMICA EMPREENDIMENTOS E SOLUCOES LTDA;1;CONSTRUÇÃO DA QUADRA SÃO PEDRO - PARACURU;145;R$ 0,00;R$ 1.346,50;R$ -1.346,50;0,00%
DINAMICA EMPREENDIMENTOS E SOLUCOES LTDA;1;CONSTRUÇÃO DE 01 CRECHE TIPO II - DISTRITO BASÍLIO - PALMACIA CE;290;R$ 0,00;R$ 0,00;R$ 0,00;0,00%
DINAMICA EMPREENDIMENTOS E SOLUCOES LTDA;1;CONSTRUÇÃO DE 01 CRECHE TIPO II - DISTRITO CURUPIRA - OCARA CE;197;R$ 0,00;R$ 1.648,62;R$ -1.648,62;0,00%
DINAMICA EMPREENDIMENTOS E SOLUCOES LTDA;1;CONSTRUÇÃO DE 01 CRECHE TIPO II - DISTRITO DE JAPÃO - PALMACIA CE;291;R$ 0,00;R$ 0,00;R$ 0,00;0,00%
DINAMICA EMPREENDIMENTOS E SOLUCOES LTDA;1;CONSTRUÇÃO DE 01 CRECHE TIPO II - DISTRITO DE SERENO - OCARA CE;204;R$ 0,00;R$ 1.648,63;R$ -1.648,63;0,00%
DINAMICA EMPREENDIMENTOS E SOLUCOES LTDA;1;CONSTRUÇÃO DE 01 CRECHE TIPO II - DISTRITO DE VILA BU - PALMACIA CE;292;R$ 0,00;R$ 0,00;R$ 0,00;0,00%
DINAMICA EMPREENDIMENTOS E SOLUCOES LTDA;1;CONSTRUÇÃO DE 01 CRECHE TIPO II - DISTRITO GADO DOS FERROS - PALMACIA CE;289;R$ 0,00;R$ 0,00;R$ 0,00;0,00%
DINAMICA EMPREENDIMENTOS E SOLUCOES LTDA;1;CONSTRUÇÃO DE 01 CRECHE TIPO II - DISTRITO SÃO MARCOS - OCARA CE;199;R$ 0,00;R$ 1.403,62;R$ -1.403,62;0,00%
DINAMICA EMPREENDIMENTOS E SOLUCOES LTDA;1;CONSTRUÇÃO DE 01 CRECHE TIPO II - DISTRITO SÃO PEDRO - OCARA CE;207;R$ 0,00;R$ 1.403,63;R$ -1.403,63;0,00%
DINAMICA EMPREENDIMENTOS E SOLUCOES LTDA;1;CONSTRUÇÃO DE 2 BLOCOS COM 4 SALAS - BOA VIAGEM - IFCE;253;R$ 0,00;R$ 0,00;R$ 0,00;0,00%
DINAMICA EMPREENDIMENTOS E SOLUCOES LTDA;1;CONSTRUÇÃO DE 2 BLOCOS COM 4 SALAS - LIMOEIRO DO NORTE - IFCE;251;R$ 0,00;R$ 0,00;R$ 0,00;0,00%
DINAMICA EMPREENDIMENTOS E SOLUCOES LTDA;1;CONSTRUÇÃO DE 2 BLOCOS COM 4 SALAS - QUIXADA - IFCE;250;R$ 0,00;R$ 0,00;R$ 0,00;0,00%
DINAMICA EMPREENDIMENTOS E SOLUCOES LTDA;1;CONSTRUÇÃO DE 2 BLOCOS COM 4 SALAS - UMIRIM;252;R$ 0,00;R$ 0,00;R$ 0,00;0,00%
DINAMICA EMPREENDIMENTOS E SOLUCOES LTDA;1;CONSTRUÇÃO DE ESPAÇO EDUCATIVO 12 SALAS - CAMPOS SALES;157;R$ 0,00;R$ 1.249,18;R$ -1.249,18;0,00%
DINAMICA EMPREENDIMENTOS E SOLUCOES LTDA;1;CONSTRUÇÃO DE MURO DE CONTENÇÃO NA LATERAL ESQUERDA DO CAMPO 03 - ACOPIARA;245;R$ 0,00;R$ 0,00;R$ 0,00;0,00%
DINAMICA EMPREENDIMENTOS E SOLUCOES LTDA;1;CONSTRUÇÃO DE PASSAGEM MOLHADA - SÍTIO LAGOA (AÇUDE DE WALTIM) - ASSARE;193;R$ 0,00;R$ 24.994,00;R$ -24.994,00;0,00%
DINAMICA EMPREENDIMENTOS E SOLUCOES LTDA;1;CONSTRUÇÃO DE PASSAGEM MOLHADA - SÍTIO LAGOA (RIACHO DO DIOGO) - ASSARE;174;R$ 0,00;R$ 27.154,35;R$ -27.154,35;0,00%
DINAMICA EMPREENDIMENTOS E SOLUCOES LTDA;1;CONSTRUÇÃO DE UNIDADE BASICA DE SAUDE INDIGENA TIPO III NA ALDEIA VILA VITORIA;208;R$ 0,00;R$ 5.580,44;R$ -5.580,44;0,00%
DINAMICA EMPREENDIMENTOS E SOLUCOES LTDA;1;CONSTRUÇÃO DO MERCADO PÚBLICO - VÁRZEA ALEGRE;109;R$ 0,00;R$ 125.642,48;R$ -125.642,48;0,00%
DINAMICA EMPREENDIMENTOS E SOLUCOES LTDA;1;CONSTRUÇÃO ESTÁDIO MUNICIPAL - PREFEITURA DE MORRINHOS;120;R$ 0,00;R$ 16.945,26;R$ -16.945,26;0,00%
DINAMICA EMPREENDIMENTOS E SOLUCOES LTDA;1;CONSTRUÇÃO SEDE OPERACIONAL PRF - POCINHOS/PB - FINALIZADA;192;R$ 0,00;R$ 0,00;R$ 0,00;0,00%
DINAMICA EMPREENDIMENTOS E SOLUCOES LTDA;1;CONTRUÇÃO DE 04 PRAÇAS - MORRINHOS;119;R$ 0,00;R$ 34.393,73;R$ -34.393,73;0,00%
DINAMICA EMPREENDIMENTOS E SOLUCOES LTDA;1;CRATO - CASA DE FARINHA PSJ;90;R$ 0,00;R$ 15.000,00;R$ -15.000,00;0,00%
DINAMICA EMPREENDIMENTOS E SOLUCOES LTDA;1;ENROCAMENTO EMERGENCIAL - CAUCAIA;108;R$ 0,00;R$ 119.053,14;R$ -119.053,14;0,00%
DINAMICA EMPREENDIMENTOS E SOLUCOES LTDA;1;ESCOLAS - CAUCAIA;115;R$ 0,00;R$ 8.033,00;R$ -8.033,00;0,00%
DINAMICA EMPREENDIMENTOS E SOLUCOES LTDA;1;EXECUÇÃO DE PRÉDIO EDUCACIONAL/RESIDENCIAL - ACOPIARA;246;R$ 0,00;R$ 0,00;R$ 0,00;0,00%
DINAMICA EMPREENDIMENTOS E SOLUCOES LTDA;1;EXPANSÃO IV DO IFCE - CAMPUS CASCAVEL - CIDADE CASCAVEL;249;R$ 0,00;R$ 31.234,18;R$ -31.234,18;0,00%
DINAMICA EMPREENDIMENTOS E SOLUCOES LTDA;1;HILUX PNR 1985;81;R$ 0,00;R$ 2.326,80;R$ -2.326,80;0,00%
DINAMICA EMPREENDIMENTOS E SOLUCOES LTDA;1;IFCE - CAMPUS ACOPIARA - SUBESTAÇÃO - GRUPO 04;239;R$ 0,00;R$ 761,88;R$ -761,88;0,00%
DINAMICA EMPREENDIMENTOS E SOLUCOES LTDA;1;IFCE - CAMPUS CEDRO - SUBESTAÇÃO GRUPO 04;240;R$ 0,00;R$ 761,88;R$ -761,88;0,00%
DINAMICA EMPREENDIMENTOS E SOLUCOES LTDA;1;IFCE - CAMPUS CRATO - SUBESTAÇÃO - GRUPO 04;241;R$ 0,00;R$ 22.161,88;R$ -22.161,88;0,00%
DINAMICA EMPREENDIMENTOS E SOLUCOES LTDA;1;IFCE - CAMPUS GUARAMIRANGA - SUBESTAÇÃO - GRUPO 01;229;R$ 0,00;R$ 1.124,56;R$ -1.124,56;0,00%
DINAMICA EMPREENDIMENTOS E SOLUCOES LTDA;1;IFCE - CAMPUS MOMBAÇA - SUBESTAÇÃO - GRUPO 04;243;R$ 0,00;R$ 2.456,08;R$ -2.456,08;0,00%
DINAMICA EMPREENDIMENTOS E SOLUCOES LTDA;1;IFCE - CAMPUS REITORIA - SUBESTAÇÃO;237;R$ 0,00;R$ 8.182,30;R$ -8.182,30;0,00%
DINAMICA EMPREENDIMENTOS E SOLUCOES LTDA;1;IFCE - SERVIÇOS DE INSTALAÇÃO DE ALAMBRADOS E TABELA DE BASQUETE;167;R$ 0,00;R$ 0,00;R$ 0,00;0,00%
DINAMICA EMPREENDIMENTOS E SOLUCOES LTDA;1;IFCE CONSTRUÇÃO ESPAÇO DE VIVÊNCIA - CAMOCIM;2;R$ 0,00;R$ 0,00;R$ 0,00;0,00%
DINAMICA EMPREENDIMENTOS E SOLUCOES LTDA;1;IFCE CONSTRUÇÃO ESPAÇO DE VIVÊNCIA - CAUCAIA;6;R$ 0,00;R$ 0,00;R$ 0,00;0,00%
DINAMICA EMPREENDIMENTOS E SOLUCOES LTDA;1;IFCE CONSTRUÇÃO ESPAÇO DE VIVÊNCIA - MORADA NOVA;7;R$ 0,00;R$ 0,00;R$ 0,00;0,00%
DINAMICA EMPREENDIMENTOS E SOLUCOES LTDA;1;IFCE CONSTRUÇÃO ESPAÇO DE VIVÊNCIA - TABULEIRO DO NORTE;8;R$ 0,00;R$ 0,00;R$ 0,00;0,00%
DINAMICA EMPREENDIMENTOS E SOLUCOES LTDA;1;IFCE CONSTRUÇÃO ESPAÇO DE VIVÊNCIA - TAUÁ;3;R$ 0,00;R$ 0,00;R$ 0,00;0,00%
DINAMICA EMPREENDIMENTOS E SOLUCOES LTDA;1;IFCE CONSTRUÇÃO ESPAÇO DE VIVÊNCIA - TIANGUÁ;4;R$ 0,00;R$ 0,00;R$ 0,00;0,00%
DINAMICA EMPREENDIMENTOS E SOLUCOES LTDA;1;IFCE CONSTRUÇÃO ESPAÇO DE VIVÊNCIA - UBAJARA;5;R$ 0,00;R$ 0,00;R$ 0,00;0,00%
DINAMICA EMPREENDIMENTOS E SOLUCOES LTDA;1;IFCE MANUTENÇAO SUBESTAÇAO - CAMPUS ACARAU;67;R$ 0,00;R$ 322,72;R$ -322,72;0,00%
DINAMICA EMPREENDIMENTOS E SOLUCOES LTDA;1;IFCE MANUTENÇAO SUBESTAÇAO - CAMPUS BOA VIAGEM;51;R$ 0,00;R$ 515,96;R$ -515,96;0,00%
DINAMICA EMPREENDIMENTOS E SOLUCOES LTDA;1;IFCE MANUTENÇAO SUBESTAÇAO - CAMPUS CANINDE;93;R$ 0,00;R$ 201,45;R$ -201,45;0,00%
DINAMICA EMPREENDIMENTOS E SOLUCOES LTDA;1;IFCE MANUTENÇAO SUBESTAÇAO - CAMPUS CEDRO;57;R$ 0,00;R$ 0,00;R$ 0,00;0,00%
DINAMICA EMPREENDIMENTOS E SOLUCOES LTDA;1;IFCE MANUTENÇAO SUBESTAÇAO - CAMPUS CRATO;94;R$ 0,00;R$ 0,00;R$ 0,00;0,00%
DINAMICA EMPREENDIMENTOS E SOLUCOES LTDA;1;IFCE MANUTENÇAO SUBESTAÇAO - CAMPUS GUARAMIRANGA;88;R$ 0,00;R$ 0,00;R$ 0,00;0,00%
DINAMICA EMPREENDIMENTOS E SOLUCOES LTDA;1;IFCE MANUTENÇAO SUBESTAÇAO - CAMPUS IGUATU;84;R$ 0,00;R$ 0,00;R$ 0,00;0,00%
DINAMICA EMPREENDIMENTOS E SOLUCOES LTDA;1;IFCE MANUTENÇAO SUBESTAÇAO - CAMPUS ITAPIPOCA;53;R$ 0,00;R$ 0,00;R$ 0,00;0,00%
DINAMICA EMPREENDIMENTOS E SOLUCOES LTDA;1;IFCE MANUTENÇAO SUBESTAÇAO - CAMPUS JAGUARIBE;58;R$ 0,00;R$ 975,92;R$ -975,92;0,00%
DINAMICA EMPREENDIMENTOS E SOLUCOES LTDA;1;IFCE MANUTENÇAO SUBESTAÇAO - CAMPUS JAGUARUANA;106;R$ 0,00;R$ 0,00;R$ 0,00;0,00%
DINAMICA EMPREENDIMENTOS E SOLUCOES LTDA;1;IFCE MANUTENÇAO SUBESTAÇAO - CAMPUS JUAZEIRO DO NORTE;59;R$ 0,00;R$ 233,94;R$ -233,94;0,00%
DINAMICA EMPREENDIMENTOS E SOLUCOES LTDA;1;IFCE MANUTENÇAO SUBESTAÇAO - CAMPUS LIMOEIRO;98;R$ 0,00;R$ 0,00;R$ 0,00;0,00%
DINAMICA EMPREENDIMENTOS E SOLUCOES LTDA;1;IFCE MANUTENÇAO SUBESTAÇAO - CAMPUS MARANGUAPE;47;R$ 0,00;R$ 0,00;R$ 0,00;0,00%
DINAMICA EMPREENDIMENTOS E SOLUCOES LTDA;1;IFCE MANUTENÇAO SUBESTAÇAO - CAMPUS MORADA NOVA;60;R$ 0,00;R$ 0,00;R$ 0,00;0,00%
DINAMICA EMPREENDIMENTOS E SOLUCOES LTDA;1;IFCE MANUTENÇAO SUBESTAÇAO - CAMPUS PARACURU;48;R$ 0,00;R$ 515,96;R$ -515,96;0,00%
DINAMICA EMPREENDIMENTOS E SOLUCOES LTDA;1;IFCE MANUTENÇAO SUBESTAÇAO - CAMPUS PECEM;66;R$ 0,00;R$ 27.633,64;R$ -27.633,64;0,00%
DINAMICA EMPREENDIMENTOS E SOLUCOES LTDA;1;IFCE MANUTENÇAO SUBESTAÇAO - CAMPUS POLO;86;R$ 0,00;R$ 0,00;R$ 0,00;0,00%
DINAMICA EMPREENDIMENTOS E SOLUCOES LTDA;1;IFCE MANUTENÇAO SUBESTAÇAO - CAMPUS QUIXADA;64;R$ 0,00;R$ 11.000,00;R$ -11.000,00;0,00%
DINAMICA EMPREENDIMENTOS E SOLUCOES LTDA;1;IFCE MANUTENÇAO SUBESTAÇAO - CAMPUS SOBRAL;69;R$ 0,00;R$ 2.968,79;R$ -2.968,79;0,00%
DINAMICA EMPREENDIMENTOS E SOLUCOES LTDA;1;IFCE MANUTENÇAO SUBESTAÇAO - CAMPUS TAUA;54;R$ 0,00;R$ 88,78;R$ -88,78;0,00%
DINAMICA EMPREENDIMENTOS E SOLUCOES LTDA;1;IFCE MANUTENÇAO SUBESTAÇAO - CAMPUS TIANGUA;68;R$ 0,00;R$ 0,00;R$ 0,00;0,00%
DINAMICA EMPREENDIMENTOS E SOLUCOES LTDA;1;IFCE MANUTENÇAO SUBESTAÇAO - CAMPUS UBAJARA;55;R$ 0,00;R$ 14.685,92;R$ -14.685,92;0,00%
DINAMICA EMPREENDIMENTOS E SOLUCOES LTDA;1;IFCE MANUTENÇAO SUBESTAÇAO - CAMPUS UMIRIM;50;R$ 0,00;R$ 0,00;R$ 0,00;0,00%
DINAMICA EMPREENDIMENTOS E SOLUCOES LTDA;1;IFCE MANUTENÇAO SUBESTAÇAO- CAMPUS CAUCAIA;44;R$ 0,00;R$ 0,00;R$ 0,00;0,00%
DINAMICA EMPREENDIMENTOS E SOLUCOES LTDA;1;IFCE MANUTENÇÃO PREDIAL - ARACATI;11;R$ 0,00;R$ 335,01;R$ -335,01;0,00%
DINAMICA EMPREENDIMENTOS E SOLUCOES LTDA;1;IFCE MANUTENÇÃO PREDIAL - CAUCAIA;43;R$ 0,00;R$ 40.645,41;R$ -40.645,41;0,00%
DINAMICA EMPREENDIMENTOS E SOLUCOES LTDA;1;IFCE MANUTENÇÃO PREDIAL - FORTALEZA;100;R$ 0,00;R$ 4.220,00;R$ -4.220,00;0,00%
DINAMICA EMPREENDIMENTOS E SOLUCOES LTDA;1;IFCE MANUTENÇÃO PREDIAL - HORIZONTE;14;R$ 0,00;R$ 39,94;R$ -39,94;0,00%
DINAMICA EMPREENDIMENTOS E SOLUCOES LTDA;1;IFCE MANUTENÇÃO PREDIAL - JAGUARIBE;29;R$ 0,00;R$ 10.744,14;R$ -10.744,14;0,00%
DINAMICA EMPREENDIMENTOS E SOLUCOES LTDA;1;IFCE MANUTENÇÃO PREDIAL - JAGUARUANA;18;R$ 0,00;R$ 0,00;R$ 0,00;0,00%
DINAMICA EMPREENDIMENTOS E SOLUCOES LTDA;1;IFCE MANUTENÇÃO PREDIAL - LIMOEIRO DO NORTE;24;R$ 0,00;R$ 30.763,96;R$ -30.763,96;0,00%
DINAMICA EMPREENDIMENTOS E SOLUCOES LTDA;1;IFCE MANUTENÇÃO PREDIAL - MARANGUAPE;123;R$ 0,00;R$ 7.327,11;R$ -7.327,11;0,00%
DINAMICA EMPREENDIMENTOS E SOLUCOES LTDA;1;IFCE MANUTENÇÃO PREDIAL - PARACURU;13;R$ 0,00;R$ 49,93;R$ -49,93;0,00%
DINAMICA EMPREENDIMENTOS E SOLUCOES LTDA;1;IFCE MANUTENÇÃO PREDIAL - QUIXADÁ 2;34;R$ 0,00;R$ 4.410,00;R$ -4.410,00;0,00%
DINAMICA EMPREENDIMENTOS E SOLUCOES LTDA;1;IFCE MANUTENÇÃO PREDIAL - SOBRAL;97;R$ 0,00;R$ 12.637,57;R$ -12.637,57;0,00%
DINAMICA EMPREENDIMENTOS E SOLUCOES LTDA;1;INSTITUTO FEDERAL DE EDUCAÇÃO, CIÊNCIA E TECNOLOGIA DO CEARÁ - CAMPUS LIMOEIRO;89;R$ 0,00;R$ 0,00;R$ 0,00;0,00%
DINAMICA EMPREENDIMENTOS E SOLUCOES LTDA;1;ITAITINGA - CONST. QUADRA COBERTA COM VESTIÁRIO;30;R$ 0,00;R$ 226,50;R$ -226,50;0,00%
DINAMICA EMPREENDIMENTOS E SOLUCOES LTDA;1;KHARCARAD CONSULTORIA E SOFTWARES LTDA;202;R$ 0,00;R$ 0,00;R$ 0,00;0,00%
DINAMICA EMPREENDIMENTOS E SOLUCOES LTDA;1;L200  PWN 5994;82;R$ 0,00;R$ 0,00;R$ 0,00;0,00%
DINAMICA EMPREENDIMENTOS E SOLUCOES LTDA;1;MANUTENÇÃO PREDIAL SECRETARIA DE SAÚDE - CAUCAIA.;163;R$ 0,00;R$ 0,00;R$ 0,00;0,00%
DINAMICA EMPREENDIMENTOS E SOLUCOES LTDA;1;MANUTENÇÃO SEC. SAÚDE - CAUCAIA;118;R$ 0,00;R$ 43,38;R$ -43,38;0,00%
DINAMICA EMPREENDIMENTOS E SOLUCOES LTDA;1;MONTANA PRETA 0RR-5194;74;R$ 0,00;R$ 3.009,00;R$ -3.009,00;0,00%
DINAMICA EMPREENDIMENTOS E SOLUCOES LTDA;1;OBRAS AREA CAUCAIA;130;R$ 0,00;R$ 46.173,86;R$ -46.173,86;0,00%
DINAMICA EMPREENDIMENTOS E SOLUCOES LTDA;1;OBRAS PARCERIAS 2;191;R$ 0,00;R$ 0,00;R$ 0,00;0,00%
DINAMICA EMPREENDIMENTOS E SOLUCOES LTDA;1;PAVIMENTAÇÃO E URBANIZAÇÃO DA AV. BEIRA RIO - MORRINHOS;113;R$ 0,00;R$ 13.859,27;R$ -13.859,27;0,00%
DINAMICA EMPREENDIMENTOS E SOLUCOES LTDA;1;PAVIMENTAÇÃO EM PEDRA TOSCA EM URUCUTUBA - CAUCAIA;107;R$ 0,00;R$ 26.011,12;R$ -26.011,12;0,00%
DINAMICA EMPREENDIMENTOS E SOLUCOES LTDA;1;PMC - REFORMA DE UMA QUADRA COBERTA DA ESCOLA DOMINGOS DE ABREU BRASILEIRO;33;R$ 0,00;R$ 10.947,65;R$ -10.947,65;0,00%
DINAMICA EMPREENDIMENTOS E SOLUCOES LTDA;1;PMC- REFORMA DA QUADRA COBERTA DA ESCOLA ANTONIO ALMEIDA LUSTOSA;32;R$ 0,00;R$ 173.203,20;R$ -173.203,20;0,00%
DINAMICA EMPREENDIMENTOS E SOLUCOES LTDA;1;PMC- REFORMA QUADRA COBERTA ESCOLA NELY CAULA DE CARVALHO;31;R$ 0,00;R$ 95.726,80;R$ -95.726,80;0,00%
DINAMICA EMPREENDIMENTOS E SOLUCOES LTDA;1;PREFEITURA - MORRINHOS - ESCOLA FNDE;25;R$ 0,00;R$ 44.103,61;R$ -44.103,61;0,00%
DINAMICA EMPREENDIMENTOS E SOLUCOES LTDA;1;PREFEITURA MUNICIPAL DE CAUCAIA - CONCLUSÃO;27;R$ 0,00;R$ 0,00;R$ 0,00;0,00%
DINAMICA EMPREENDIMENTOS E SOLUCOES LTDA;1;PREFEITURA MUNICIPAL DE CAUCAIA - REF 02 QUADRAS (Mª DE LOURDES E PEDRO LAURINDO;40;R$ 0,00;R$ 988,09;R$ -988,09;0,00%
DINAMICA EMPREENDIMENTOS E SOLUCOES LTDA;1;PREFEITURA MUNICIPAL DE MORRINHOS  - CENTRO DE FEIRAS;85;R$ 0,00;R$ 0,00;R$ 0,00;0,00%
DINAMICA EMPREENDIMENTOS E SOLUCOES LTDA;1;PROJETO DE CASAS - ALPHAVILLE;273;R$ 0,00;R$ 0,00;R$ 0,00;0,00%
DINAMICA EMPREENDIMENTOS E SOLUCOES LTDA;1;PROVISÕES;998;R$ 0,00;R$ 0,00;R$ 0,00;0,00%
DINAMICA EMPREENDIMENTOS E SOLUCOES LTDA;1;PSJ ETE HORIZONTE;20;R$ 0,00;R$ 0,00;R$ 0,00;0,00%
DINAMICA EMPREENDIMENTOS E SOLUCOES LTDA;1;RANGER - QUL - 5009;137;R$ 0,00;R$ 433,00;R$ -433,00;0,00%
DINAMICA EMPREENDIMENTOS E SOLUCOES LTDA;1;REFORMA DA CRECHE SONHOS DE CRIANÇA - POÇO DOCE - PARACURU;158;R$ 0,00;R$ 9.233,15;R$ -9.233,15;0,00%
DINAMICA EMPREENDIMENTOS E SOLUCOES LTDA;1;REFORMA DE EDIFICAÇÃO PARA IMPLANTAÇÃO DA SEDE DO RAIO - DE PENTECOSTE;156;R$ 0,00;R$ 98.183,56;R$ -98.183,56;0,00%
DINAMICA EMPREENDIMENTOS E SOLUCOES LTDA;1;REFORMA DO TERMINAL RODOVIÁRIO - PARACURU;161;R$ 0,00;R$ 2.170,60;R$ -2.170,60;0,00%
DINAMICA EMPREENDIMENTOS E SOLUCOES LTDA;1;REFORMA FINANCEIRO;133;R$ 0,00;R$ 0,00;R$ 0,00;0,00%
DINAMICA EMPREENDIMENTOS E SOLUCOES LTDA;1;REQUALIFICAÇÃO DO MERCADO DA JUREMA - CAUCAIA;117;R$ 0,00;R$ 1.589,30;R$ -1.589,30;0,00%
DINAMICA EMPREENDIMENTOS E SOLUCOES LTDA;1;RESIDENCIAS UNIFAMILIARES JARDINS BOULEVARD - NOVUM;247;R$ 0,00;R$ 15,00;R$ -15,00;0,00%
DINAMICA EMPREENDIMENTOS E SOLUCOES LTDA;1;RESIDENCIAS UNIFAMILIARES LAGOA DO BANANA;128;R$ 0,00;R$ 12.066,24;R$ -12.066,24;0,00%
DINAMICA EMPREENDIMENTOS E SOLUCOES LTDA;1;RETRABALHO;116;R$ 0,00;R$ 4.535,00;R$ -4.535,00;0,00%
DINAMICA EMPREENDIMENTOS E SOLUCOES LTDA;1;SEDUC REFORMA DO CEJAQUI - AQUIRAZ;17;R$ 0,00;R$ 0,00;R$ 0,00;0,00%
DINAMICA EMPREENDIMENTOS E SOLUCOES LTDA;1;SERV AMPL E REF ESCOLAS EEIEF JOSÉ ANT SOUSA E EEF RAQUEL COSTA SENADOR POMPEU;153;R$ 0,00;R$ 0,00;R$ 0,00;0,00%
DINAMICA EMPREENDIMENTOS E SOLUCOES LTDA;1;SETOR METALÚRGICO;141;R$ 0,00;R$ 0,00;R$ 0,00;0,00%
DINAMICA EMPREENDIMENTOS E SOLUCOES LTDA;1;SIENA - NUS0749;293;R$ 0,00;R$ 29,84;R$ -29,84;0,00%
DINAMICA EMPREENDIMENTOS E SOLUCOES LTDA;1;SUBESTAÇÃO DE ESCOLAS EM SÃO GONÇALO DO AMARANTE;104;R$ 0,00;R$ 170,00;R$ -170,00;0,00%
DINAMICA EMPREENDIMENTOS E SOLUCOES LTDA;1;TESTE;19;R$ 0,00;R$ 0,00;R$ 0,00;0,00%
DINAMICA EMPREENDIMENTOS E SOLUCOES LTDA;1;TESTE - LANÇAMENTO DE ORÇAMENTOS;285;R$ 0,00;R$ 0,00;R$ 0,00;0,00%
DINAMICA EMPREENDIMENTOS E SOLUCOES LTDA;1;UNIDADE BASICA DE SAUDE (UBS) - CAUCAIA;87;R$ 0,00;R$ 45,00;R$ -45,00;0,00%
DINAMICA EMPREENDIMENTOS E SOLUCOES LTDA;1;UNIDADE NUTRICIONAL DO CAMPUS BATURITÉ - IFCE (DESATIVADO);278;R$ 0,00;R$ 0,00;R$ 0,00;0,00%
DINAMICA EMPREENDIMENTOS E SOLUCOES LTDA;1;UNIDADE NUTRICIONAL DO CAMPUS UBAJARA - IFCE;284;R$ 0,00;R$ 268.420,33;R$ -268.420,33;0,00%
DINAMICA EMPREENDIMENTOS E SOLUCOES LTDA;1;VT 01 - SAVEIRO PVZ-5019;76;R$ 0,00;R$ 0,00;R$ 0,00;0,00%
DINAMICA EMPREENDIMENTOS E SOLUCOES LTDA;1;VT 03 - CAMINHÃO OKR 8293;73;R$ 0,00;R$ 20.726,96;R$ -20.726,96;0,00%
DINAMICA EMPREENDIMENTOS E SOLUCOES LTDA;1;VT 06 L200 JVA-2907;79;R$ 0,00;R$ 1.080,19;R$ -1.080,19;0,00%
DINAMICA EMPREENDIMENTOS E SOLUCOES LTDA;1;VT 07 MOTO PME-7113;80;R$ 0,00;R$ 1.189,00;R$ -1.189,00;0,00%
DINAMICA EMPREENDIMENTOS E SOLUCOES LTDA;1;VT FOX - OII2820;277;R$ 0,00;R$ 0,75;R$ -0,75;0,00%
DINAMICA EMPREENDIMENTOS E SOLUCOES LTDA;1;TOTAL;1;R$ 38.389.701,40;R$ 16.524.744,30;R$ 21.864.957,10;56,96%
